locid,label,x_pct,y_pct,w_pct,h_pct,rotation_deg
Layer 2 copy,Layer 2 copy,-0.0122,0,1,1,0
Layer 2,Layer 2,0,0,1,1,0
Layer 2 copy 10,Layer 2 copy 10,-0.0392,0.0013,1,1,0
rd26,rd26,0.2383,0.0066,0.0174,0.0097,0
rd25,rd25,0.254,0.0066,0.0174,0.0097,0
rd24,rd24,0.2697,0.0066,0.0174,0.0097,0
Layer 2 copy 9,Layer 2 copy 9,-0.0388,0.0075,1,1,0
Layer 2 copy 8,Layer 2 copy 8,-0.0397,0.0142,1,1,0
Layer 2 copy 6,Layer 2 copy 6,-0.0292,0.0208,1,1,0
Layer 2 copy 5,Layer 2 copy 5,-0.0214,0.0208,1,1,0
Layer 2 copy 4,Layer 2 copy 4,-0.0139,0.0208,1,1,0
Layer 2 copy 3,Layer 2 copy 3,-0.0078,0.0208,1,1,0
Layer 2 copy 2,Layer 2 copy 2,-0.0022,0.0208,1,1,0
Layer 2 copy 7,Layer 2 copy 7,-0.0405,0.0235,1,1,0
r14g2,r14g2,0.3089,0.0487,0.0174,0.0097,0
r13g2,r13g2,0.3499,0.0487,0.0174,0.0097,0
r12g2,r12g2,0.3908,0.0487,0.0174,0.0097,0
r11g2,r11g2,0.4305,0.0487,0.0174,0.0097,0
r14s3,r14s3,0.3059,0.0496,0.0048,0.0097,0
r14s4,r14s4,0.3251,0.0496,0.0048,0.0097,0
r13s3,r13s3,0.3468,0.0496,0.0048,0.0097,0
r13s4,r13s4,0.366,0.0496,0.0048,0.0097,0
r12s3,r12s3,0.3878,0.0496,0.0048,0.0097,0
r12s4,r12s4,0.407,0.0496,0.0048,0.0097,0
r11s3,r11s3,0.4275,0.0496,0.0048,0.0097,0
r11s4,r11s4,0.4466,0.0496,0.0048,0.0097,0
rd29,rd29,0.0492,0.0518,0.0222,0.0097,0
rd28,rd28,0.0702,0.0518,0.0227,0.0097,0
rd27,rd27,0.0915,0.0518,0.0222,0.0097,0
rd30,rd30,0.041,0.0522,0.0096,0.0243,0
r14b5,r14b5,0.3085,0.0571,0.0096,0.0221,0
r14b10,r14b10,0.3172,0.0571,0.0096,0.0221,0
r13b5,r13b5,0.3495,0.0571,0.0096,0.0221,0
r13b10,r13b10,0.3582,0.0571,0.0096,0.0221,0
r12b5,r12b5,0.3904,0.0571,0.0096,0.0221,0
r12b10,r12b10,0.3991,0.0571,0.0096,0.0221,0
r11b5,r11b5,0.4301,0.0571,0.0096,0.0221,0
r11b10,r11b10,0.4388,0.0571,0.0096,0.0221,0
c49,c49,0.5948,0.0717,0.0157,0.0111,0
c48,c48,0.6087,0.0717,0.0157,0.0111,0
c46,c46,0.6357,0.0717,0.0157,0.0111,0
c45,c45,0.6497,0.0717,0.0157,0.0111,0
c44,c44,0.6627,0.0717,0.0157,0.0106,0
c51,c51,0.5673,0.0721,0.0157,0.0106,0
c50,c50,0.5817,0.0721,0.0153,0.0111,0
c47,c47,0.6227,0.0721,0.0157,0.0111,0
f78,f78,0.5355,0.0726,0.0331,0.015,0
c43,c43,0.6776,0.0739,0.017,0.0146,157
rd31,rd31,0.041,0.0752,0.0096,0.0243,0
p124,p124,0.2174,0.0761,0.0209,0.015,0
p123,p123,0.2366,0.0761,0.0209,0.015,0
r14b4,r14b4,0.3085,0.0779,0.0096,0.0221,0
r14b9,r14b9,0.3172,0.0779,0.0096,0.0221,0
r13b4,r13b4,0.3495,0.0779,0.0096,0.0221,0
r13b9,r13b9,0.3582,0.0779,0.0096,0.0221,0
r12b4,r12b4,0.3904,0.0779,0.0096,0.0221,0
r12b9,r12b9,0.3991,0.0779,0.0096,0.0221,0
r11b4,r11b4,0.4301,0.0779,0.0096,0.0221,0
r11b9,r11b9,0.4388,0.0779,0.0096,0.0221,0
c42,c42,0.6893,0.0792,0.0166,0.0142,157
c41,c41,0.7007,0.0832,0.0166,0.0146,157
p30,p30,0.4688,0.0858,0.017,0.0217,0
p29,p29,0.4837,0.0858,0.017,0.0217,0
c40,c40,0.712,0.0885,0.017,0.0146,157
p126,p126,0.2174,0.0894,0.0209,0.015,0
p125,p125,0.2366,0.0894,0.0209,0.015,0
r14b3,r14b3,0.3085,0.0978,0.0096,0.0221,0
r14b8,r14b8,0.3172,0.0978,0.0096,0.0221,0
r13b3,r13b3,0.3495,0.0978,0.0096,0.0221,0
r13b8,r13b8,0.3582,0.0978,0.0096,0.0221,0
r12b3,r12b3,0.3904,0.0978,0.0096,0.0221,0
r12b8,r12b8,0.3991,0.0978,0.0096,0.0221,0
r11b3,r11b3,0.4301,0.0978,0.0096,0.0221,0
r11b8,r11b8,0.4388,0.0978,0.0096,0.0221,0
rd32,rd32,0.041,0.0982,0.0096,0.0243,0
p32,p32,0.4688,0.1053,0.017,0.0217,0
p31,p31,0.4837,0.1053,0.017,0.0217,0
c39,c39,0.7281,0.1058,0.0139,0.0173,-74
p129,p129,0.0902,0.1168,0.0153,0.0217,0
p128,p128,0.1033,0.1168,0.0153,0.0217,0
p127,p127,0.1168,0.1168,0.0153,0.0217,0
r15s4,r15s4,0.149,0.1173,0.0096,0.0044,0
r15s2,r15s2,0.2575,0.1173,0.0092,0.0044,0
c38,c38,0.732,0.1186,0.0135,0.0173,-74
r14b2,r14b2,0.3085,0.119,0.0096,0.0221,0
r14b7,r14b7,0.3172,0.119,0.0096,0.0221,0
r13b2,r13b2,0.3495,0.119,0.0096,0.0221,0
r13b7,r13b7,0.3582,0.119,0.0096,0.0221,0
r12b2,r12b2,0.3904,0.119,0.0096,0.0221,0
r12b7,r12b7,0.3991,0.119,0.0096,0.0221,0
r11b2,r11b2,0.4301,0.119,0.0096,0.0221,0
r11b7,r11b7,0.4388,0.119,0.0096,0.0221,0
r15g2,r15g2,0.1481,0.1204,0.0096,0.0181,0
r15b12,r15b12,0.1564,0.1204,0.0187,0.0093,0
r15b11,r15b11,0.173,0.1204,0.0183,0.0093,0
r15b10,r15b10,0.19,0.1204,0.0187,0.0093,0
r15b9,r15b9,0.2074,0.1204,0.0183,0.0093,0
r15b8,r15b8,0.224,0.1204,0.0183,0.0093,0
r15b7,r15b7,0.241,0.1204,0.0187,0.0093,0
r15g1,r15g1,0.258,0.1204,0.0096,0.0181,0
rd33,rd33,0.041,0.1208,0.0096,0.0243,0
p28,p28,0.6871,0.1274,0.0253,0.0252,-74
r15b6,r15b6,0.1564,0.1292,0.0187,0.0093,0
r15b5,r15b5,0.173,0.1292,0.0183,0.0093,0
r15b4,r15b4,0.19,0.1292,0.0187,0.0093,0
r15b3,r15b3,0.2074,0.1292,0.0183,0.0093,0
r15b2,r15b2,0.224,0.1292,0.0183,0.0093,0
r15b1,r15b1,0.241,0.1292,0.0187,0.0093,0
c37,c37,0.7359,0.1305,0.0135,0.0173,-74
r15s3,r15s3,0.149,0.1367,0.0096,0.0044,0
r15s1,r15s1,0.2575,0.1367,0.0092,0.0044,0
r14b1,r14b1,0.3085,0.1389,0.0096,0.0221,0
r14b6,r14b6,0.3172,0.1389,0.0096,0.0221,0
r13b1,r13b1,0.3495,0.1389,0.0096,0.0221,0
r13b6,r13b6,0.3582,0.1389,0.0096,0.0221,0
r12b1,r12b1,0.3904,0.1389,0.0096,0.0221,0
r12b6,r12b6,0.3991,0.1389,0.0096,0.0221,0
r11b1,r11b1,0.4301,0.1389,0.0096,0.0221,0
r11b6,r11b6,0.4388,0.1389,0.0096,0.0221,0
r10s4,r10s4,0.5686,0.1398,0.0105,0.0044,0
r10s2,r10s2,0.6545,0.1398,0.0105,0.0044,0
p34,p34,0.4688,0.1425,0.017,0.0217,0
p33,p33,0.4837,0.1425,0.017,0.0217,0
r10g2,r10g2,0.5673,0.1429,0.0109,0.0181,0
r10b10,r10b10,0.5769,0.1429,0.0148,0.0093,0
r10b9,r10b9,0.5904,0.1429,0.0144,0.0093,0
r10b8,r10b8,0.6031,0.1429,0.0144,0.0093,0
r10b7,r10b7,0.6161,0.1429,0.0148,0.0093,0
r10b6,r10b6,0.6288,0.1429,0.0148,0.0093,0
r10b5,r10b5,0.6418,0.1429,0.0148,0.0093,0
r10g1,r10g1,0.6549,0.1429,0.0109,0.0181,0
c36,c36,0.7394,0.1438,0.0139,0.0173,-74
p27,p27,0.6919,0.1447,0.0253,0.0252,-74
r10b4,r10b4,0.5769,0.1518,0.0214,0.0093,0
r10b3,r10b3,0.5969,0.1518,0.0209,0.0093,0
r10b2,r10b2,0.6157,0.1518,0.0214,0.0093,0
r10b1,r10b1,0.6357,0.1518,0.0209,0.0093,0
c35,c35,0.7425,0.1566,0.0139,0.0173,-74
r14s1,r14s1,0.3059,0.1593,0.0048,0.0097,0
r14s2,r14s2,0.3251,0.1593,0.0048,0.0097,0
r13s1,r13s1,0.3468,0.1593,0.0048,0.0097,0
r13s2,r13s2,0.366,0.1593,0.0048,0.0097,0
r12s1,r12s1,0.3878,0.1593,0.0048,0.0097,0
r12s2,r12s2,0.407,0.1593,0.0048,0.0097,0
r11s1,r11s1,0.4275,0.1593,0.0048,0.0097,0
r11s2,r11s2,0.4466,0.1593,0.0048,0.0097,0
r10s3,r10s3,0.5686,0.1593,0.0105,0.0044,0
r10s1,r10s1,0.6545,0.1593,0.0105,0.0044,0
rd34,rd34,0.041,0.1597,0.0096,0.0208,0
r14g1,r14g1,0.3089,0.1597,0.0174,0.0097,0
r13g1,r13g1,0.3499,0.1597,0.0174,0.0097,0
r12g1,r12g1,0.3908,0.1597,0.0174,0.0097,0
r11g1,r11g1,0.4305,0.1597,0.0174,0.0097,0
r16s4,r16s4,0.1002,0.1602,0.0096,0.0044,0
r16s2,r16s2,0.2575,0.1602,0.0092,0.0044,0
p36,p36,0.4688,0.1619,0.017,0.0217,0
p35,p35,0.4837,0.1619,0.017,0.0217,0
r16b15,r16b15,0.1577,0.1628,0.0187,0.0097,0
r16b14,r16b14,0.1743,0.1628,0.0192,0.0097,0
r16g2,r16g2,0.0993,0.1633,0.0096,0.0181,0
r16b18,r16b18,0.1076,0.1633,0.0183,0.0093,0
r16b17,r16b17,0.1246,0.1633,0.0183,0.0093,0
r16b16,r16b16,0.1407,0.1633,0.0183,0.0093,0
r16b13,r16b13,0.1917,0.1633,0.0179,0.0093,0
r16b12,r16b12,0.2078,0.1633,0.0183,0.0093,0
r16b11,r16b11,0.2244,0.1633,0.0183,0.0093,0
r16b10,r16b10,0.241,0.1633,0.0183,0.0093,0
r16g1,r16g1,0.258,0.1633,0.0096,0.0181,0
c34,c34,0.7464,0.1686,0.0139,0.0173,-74
r16b6,r16b6,0.1577,0.1717,0.0187,0.0093,0
r16b5,r16b5,0.1743,0.1717,0.0192,0.0093,0
p26,p26,0.7015,0.1717,0.0253,0.0252,-74
r16b9,r16b9,0.1076,0.1721,0.0183,0.0093,0
r16b8,r16b8,0.1246,0.1721,0.0183,0.0093,0
r16b7,r16b7,0.1407,0.1721,0.0183,0.0093,0
r16b4,r16b4,0.1917,0.1721,0.0179,0.0093,0
r16b3,r16b3,0.2078,0.1721,0.0183,0.0093,0
r16b2,r16b2,0.2244,0.1721,0.0183,0.0093,0
r16b1,r16b1,0.241,0.1721,0.0183,0.0093,0
rd35,rd35,0.041,0.1792,0.0096,0.0204,0
r16s3,r16s3,0.1002,0.1796,0.0096,0.0044,0
r16s1,r16s1,0.2575,0.1796,0.0092,0.0044,0
cs6,cs6,0.5224,0.1801,0.0327,0.0292,0
c33,c33,0.7503,0.1814,0.0135,0.0173,-74
r9s4,r9s4,0.5686,0.1819,0.0118,0.0044,0
r9s2,r9s2,0.6632,0.1819,0.0118,0.0044,0
r9g2,r9g2,0.5678,0.185,0.0113,0.0181,0
r9b8,r9b8,0.5782,0.185,0.0231,0.0093,0
r9b7,r9b7,0.6,0.185,0.0231,0.0093,0
r9b6,r9b6,0.6209,0.185,0.0231,0.0093,0
r9b5,r9b5,0.6427,0.185,0.0231,0.0093,0
r9g1,r9g1,0.6641,0.185,0.0113,0.0181,0
p25,p25,0.7063,0.1889,0.0253,0.0252,-74
c32,c32,0.7542,0.1934,0.0135,0.0173,-74
r9b4,r9b4,0.5782,0.1938,0.0231,0.0093,0
r9b3,r9b3,0.6,0.1938,0.0231,0.0093,0
r9b2,r9b2,0.6209,0.1938,0.0231,0.0093,0
r9b1,r9b1,0.6427,0.1938,0.0231,0.0093,0
rd36,rd36,0.041,0.1982,0.0096,0.0204,0
p130,p130,0.2985,0.1996,0.017,0.0217,0
p50,p50,0.339,0.1996,0.017,0.0217,0
p49,p49,0.3538,0.1996,0.017,0.0217,0
p46,p46,0.3887,0.1996,0.017,0.0217,0
p45,p45,0.4035,0.1996,0.017,0.0217,0
p42,p42,0.4383,0.1996,0.017,0.0217,0
p41,p41,0.4532,0.1996,0.017,0.0217,0
p38,p38,0.4893,0.1996,0.017,0.0217,0
p37,p37,0.5041,0.1996,0.017,0.0217,0
r17s4,r17s4,0.1002,0.2009,0.0096,0.0044,0
r17s2,r17s2,0.2575,0.2009,0.0092,0.0044,0
r9s3,r9s3,0.5686,0.2013,0.0118,0.0044,0
r9s1,r9s1,0.6632,0.2013,0.0118,0.0044,0
r17g2,r17g2,0.0993,0.204,0.0096,0.0181,0
r17b17,r17b17,0.1076,0.204,0.02,0.0097,0
r17b16,r17b16,0.1255,0.204,0.0205,0.0097,0
r17b15,r17b15,0.1447,0.204,0.0214,0.0093,0
r17b14,r17b14,0.1638,0.204,0.0209,0.0093,0
r17b13,r17b13,0.183,0.204,0.0205,0.0097,0
r17b12,r17b12,0.2017,0.204,0.0205,0.0097,0
r17b11,r17b11,0.22,0.204,0.0205,0.0097,0
r17b10,r17b10,0.2392,0.204,0.02,0.0097,0
r17g1,r17g1,0.258,0.204,0.0096,0.0181,0
c31,c31,0.7577,0.2066,0.0139,0.0173,-74
r17b6,r17b6,0.1577,0.2124,0.0187,0.0093,0
r17b5,r17b5,0.1743,0.2124,0.0192,0.0093,0
r17b9,r17b9,0.1076,0.2128,0.0183,0.0093,0
r17b8,r17b8,0.1246,0.2128,0.0183,0.0093,0
r17b7,r17b7,0.1407,0.2128,0.0183,0.0093,0
r17b4,r17b4,0.1917,0.2128,0.0179,0.0093,0
r17b3,r17b3,0.2078,0.2128,0.0183,0.0093,0
r17b2,r17b2,0.2244,0.2128,0.0183,0.0093,0
r17b1,r17b1,0.241,0.2128,0.0183,0.0093,0
rd37,rd37,0.041,0.2168,0.0096,0.0208,0
p131,p131,0.2985,0.219,0.017,0.0217,0
p52,p52,0.339,0.219,0.017,0.0217,0
p51,p51,0.3538,0.219,0.017,0.0217,0
p48,p48,0.3887,0.219,0.017,0.0217,0
p47,p47,0.4035,0.219,0.017,0.0217,0
p44,p44,0.4383,0.219,0.017,0.0217,0
p43,p43,0.4532,0.219,0.017,0.0217,0
p40,p40,0.4893,0.219,0.017,0.0217,0
p39,p39,0.5041,0.219,0.017,0.0217,0
c30,c30,0.7612,0.2195,0.0139,0.0173,-74
r17s3,r17s3,0.1002,0.2204,0.0096,0.0044,0
r17s1,r17s1,0.2575,0.2204,0.0092,0.0044,0
p24,p24,0.7155,0.2208,0.0253,0.0257,-74
r8s4,r8s4,0.5686,0.2243,0.0096,0.0044,0
r8s2,r8s2,0.6771,0.2243,0.0092,0.0044,0
r8g2,r8g2,0.5678,0.2274,0.0096,0.0181,0
r8b12,r8b12,0.576,0.2274,0.0187,0.0093,0
r8b11,r8b11,0.5926,0.2274,0.0183,0.0093,0
r8b10,r8b10,0.6096,0.2274,0.0187,0.0093,0
r8b9,r8b9,0.627,0.2274,0.0183,0.0093,0
r8b8,r8b8,0.6436,0.2274,0.0183,0.0093,0
r8b7,r8b7,0.6606,0.2274,0.0187,0.0093,0
r8g1,r8g1,0.6776,0.2274,0.0096,0.0181,0
c29,c29,0.7651,0.2314,0.0139,0.0173,-74
rd38,rd38,0.041,0.2358,0.0096,0.0389,0
r8b6,r8b6,0.576,0.2363,0.0187,0.0093,0
r8b5,r8b5,0.5926,0.2363,0.0183,0.0093,0
r8b4,r8b4,0.6096,0.2363,0.0187,0.0093,0
r8b3,r8b3,0.627,0.2363,0.0183,0.0093,0
r8b2,r8b2,0.6436,0.2363,0.0183,0.0093,0
r8b1,r8b1,0.6606,0.2363,0.0187,0.0093,0
p23,p23,0.7203,0.2389,0.0257,0.0252,-74
r18s4,r18s4,0.1002,0.2407,0.0096,0.0044,0
r18s2,r18s2,0.2575,0.2407,0.0092,0.0044,0
r18b14,r18b14,0.1573,0.2434,0.0187,0.0097,0
r18b13,r18b13,0.1743,0.2434,0.0187,0.0097,0
r18g2,r18g2,0.0993,0.2438,0.0096,0.0181,0
r18b17,r18b17,0.1072,0.2438,0.0187,0.0097,0
r18b16,r18b16,0.1242,0.2438,0.0183,0.0097,0
r18b15,r18b15,0.1403,0.2438,0.0183,0.0097,0
r18b12,r18b12,0.1913,0.2438,0.0183,0.0097,0
r18b11,r18b11,0.2078,0.2438,0.0183,0.0097,0
r18b10,r18b10,0.224,0.2438,0.0187,0.0097,0
r18b9,r18b9,0.241,0.2438,0.0187,0.0097,0
r18g1,r18g1,0.258,0.2438,0.0096,0.0181,0
r8s3,r8s3,0.5686,0.2438,0.0096,0.0044,0
r8s1,r8s1,0.6771,0.2438,0.0092,0.0044,0
c28,c28,0.7691,0.2442,0.0135,0.0173,-74
p132,p132,0.2985,0.2504,0.017,0.0217,0
p66,p66,0.339,0.2504,0.017,0.0217,0
p65,p65,0.3538,0.2504,0.017,0.0217,0
p62,p62,0.3887,0.2504,0.017,0.0217,0
p61,p61,0.4035,0.2504,0.017,0.0217,0
p58,p58,0.4383,0.2504,0.017,0.0217,0
p57,p57,0.4532,0.2504,0.017,0.0217,0
p54,p54,0.4893,0.2504,0.017,0.0217,0
p53,p53,0.5041,0.2504,0.017,0.0217,0
r18b5,r18b5,0.1577,0.2522,0.0187,0.0093,0
r18b4,r18b4,0.1743,0.2522,0.0192,0.0093,0
r18b8,r18b8,0.1076,0.2527,0.0183,0.0093,0
r18b7,r18b7,0.1246,0.2527,0.0183,0.0093,0
r18b6,r18b6,0.1407,0.2527,0.0183,0.0093,0
r18b3,r18b3,0.1917,0.2527,0.0179,0.0093,0
r18b2,r18b2,0.2083,0.2527,0.034,0.0093,0
r18b1,r18b1,0.241,0.2527,0.0183,0.0093,0
c27,c27,0.773,0.2562,0.0135,0.0173,-74
p22,p22,0.7255,0.2571,0.0257,0.0252,-74
r18s3,r18s3,0.1002,0.2602,0.0096,0.0044,0
r18s1,r18s1,0.2575,0.2602,0.0092,0.0044,0
r7s4,r7s4,0.5691,0.2659,0.0109,0.0049,0
r7s2,r7s2,0.6889,0.2659,0.0109,0.0049,0
r7g2,r7g2,0.5678,0.2695,0.0113,0.0177,0
r7b8,r7b8,0.5778,0.2695,0.0235,0.0093,0
r7b7,r7b7,0.6004,0.2695,0.0235,0.0093,0
r7b6,r7b6,0.6218,0.2695,0.0244,0.0093,0
r7b5,r7b5,0.6449,0.2695,0.0235,0.0093,0
r7b4,r7b4,0.6675,0.2695,0.0235,0.0093,0
r7g1,r7g1,0.6893,0.2695,0.0113,0.0177,0
c26,c26,0.7765,0.2695,0.0139,0.0173,-74
p133,p133,0.2985,0.2699,0.017,0.0217,0
p68,p68,0.339,0.2699,0.017,0.0217,0
p67,p67,0.3538,0.2699,0.017,0.0217,0
p64,p64,0.3887,0.2699,0.017,0.0217,0
p63,p63,0.4035,0.2699,0.017,0.0217,0
p60,p60,0.4383,0.2699,0.017,0.0217,0
p59,p59,0.4532,0.2699,0.017,0.0217,0
p56,p56,0.4893,0.2699,0.017,0.0217,0
p55,p55,0.5041,0.2699,0.017,0.0217,0
rd39,rd39,0.041,0.2735,0.0096,0.0208,0
p21,p21,0.7307,0.2748,0.0253,0.0252,-74
r7b3,r7b3,0.5778,0.2779,0.0392,0.0097,0
r7b2,r7b2,0.6153,0.2779,0.0388,0.0097,0
r7b1,r7b1,0.6523,0.2779,0.0392,0.0097,0
r19s4,r19s4,0.1002,0.2814,0.0096,0.0044,0
r19s2,r19s2,0.2575,0.2814,0.0092,0.0044,0
c25,c25,0.78,0.2827,0.0139,0.0173,-74
r19b15,r19b15,0.1577,0.2841,0.0187,0.0097,0
r19b14,r19b14,0.1743,0.2841,0.0192,0.0097,0
r19g2,r19g2,0.0993,0.2845,0.0096,0.0181,0
r19b18,r19b18,0.1076,0.2845,0.0183,0.0093,0
r19b17,r19b17,0.1246,0.2845,0.0183,0.0093,0
r19b16,r19b16,0.1407,0.2845,0.0183,0.0093,0
r19b13,r19b13,0.1917,0.2845,0.0179,0.0093,0
r19b12,r19b12,0.2078,0.2845,0.0183,0.0093,0
r19b11,r19b11,0.2244,0.2845,0.0183,0.0093,0
r19b10,r19b10,0.241,0.2845,0.0183,0.0093,0
r19g1,r19g1,0.258,0.2845,0.0096,0.0181,0
p142,p142,0.0693,0.2854,0.0153,0.0217,0
r7s3,r7s3,0.5691,0.2854,0.0109,0.0049,0
r7s1,r7s1,0.6889,0.2854,0.0109,0.0049,0
rd40,rd40,0.041,0.2925,0.0096,0.0204,0
r19b6,r19b6,0.1577,0.2929,0.0187,0.0093,0
r19b5,r19b5,0.1743,0.2929,0.0192,0.0093,0
r19b9,r19b9,0.1076,0.2934,0.0183,0.0093,0
r19b8,r19b8,0.1246,0.2934,0.0183,0.0093,0
r19b7,r19b7,0.1407,0.2934,0.0183,0.0093,0
r19b4,r19b4,0.1917,0.2934,0.0179,0.0093,0
r19b3,r19b3,0.2078,0.2934,0.0183,0.0093,0
r19b2,r19b2,0.2244,0.2934,0.0183,0.0093,0
r19b1,r19b1,0.241,0.2934,0.0183,0.0093,0
p20,p20,0.7359,0.2934,0.0253,0.0252,-74
c24,c24,0.7839,0.2947,0.0139,0.0173,-74
r19s3,r19s3,0.1002,0.3009,0.0096,0.0044,0
r19s1,r19s1,0.2575,0.3009,0.0092,0.0044,0
p134,p134,0.2985,0.3031,0.017,0.0217,0
p82,p82,0.339,0.3031,0.017,0.0217,0
p81,p81,0.3538,0.3031,0.017,0.0217,0
p78,p78,0.3887,0.3031,0.017,0.0217,0
p77,p77,0.4035,0.3031,0.017,0.0217,0
p74,p74,0.4383,0.3031,0.017,0.0217,0
p73,p73,0.4532,0.3031,0.017,0.0217,0
p70,p70,0.4893,0.3031,0.017,0.0217,0
p69,p69,0.5041,0.3031,0.017,0.0217,0
c23,c23,0.7878,0.3075,0.0135,0.0173,-74
r6s4,r6s4,0.5691,0.3084,0.0109,0.0049,0
r6s2,r6s2,0.7033,0.3084,0.0109,0.0049,0
p19,p19,0.7407,0.3111,0.0257,0.0252,-74
rd41,rd41,0.041,0.3115,0.0096,0.0204,0
r6b10,r6b10,0.5778,0.3115,0.0196,0.0097,0
r6b9,r6b9,0.5961,0.3115,0.0196,0.0097,0
r6b8,r6b8,0.6135,0.3115,0.0196,0.0097,0
r6b7,r6b7,0.6318,0.3115,0.0196,0.0097,0
r6b6,r6b6,0.6501,0.3115,0.0196,0.0097,0
r6b5,r6b5,0.6675,0.3115,0.0196,0.0097,0
r6b4,r6b4,0.6858,0.3115,0.0196,0.0097,0
r6g2,r6g2,0.5678,0.3119,0.0113,0.0177,0
r6g1,r6g1,0.7037,0.3119,0.0113,0.0177,0
c22,c22,0.7917,0.3195,0.0135,0.0173,-74
r6b3,r6b3,0.5778,0.3208,0.0436,0.0093,0
r6b2,r6b2,0.62,0.3208,0.0436,0.0093,0
r6b1,r6b1,0.6619,0.3208,0.0436,0.0093,0
r20s4,r20s4,0.1002,0.3221,0.0096,0.0044,0
r20s2,r20s2,0.2575,0.3221,0.0092,0.0044,0
p143,p143,0.0693,0.3226,0.0153,0.0217,0
p135,p135,0.2985,0.3226,0.017,0.0217,0
p84,p84,0.339,0.3226,0.017,0.0217,0
p83,p83,0.3538,0.3226,0.017,0.0217,0
p80,p80,0.3887,0.3226,0.017,0.0217,0
p79,p79,0.4035,0.3226,0.017,0.0217,0
p76,p76,0.4383,0.3226,0.017,0.0217,0
p75,p75,0.4532,0.3226,0.017,0.0217,0
p72,p72,0.4893,0.3226,0.017,0.0217,0
p71,p71,0.5041,0.3226,0.017,0.0217,0
r20b15,r20b15,0.1577,0.3248,0.0187,0.0097,0
r20b14,r20b14,0.1743,0.3248,0.0192,0.0097,0
r20g2,r20g2,0.0993,0.3252,0.0096,0.0181,0
r20b18,r20b18,0.1076,0.3252,0.0183,0.0093,0
r20b17,r20b17,0.1246,0.3252,0.0183,0.0093,0
r20b16,r20b16,0.1407,0.3252,0.0183,0.0093,0
r20b13,r20b13,0.1917,0.3252,0.0179,0.0093,0
r20b12,r20b12,0.2078,0.3252,0.0183,0.0093,0
r20b11,r20b11,0.2244,0.3252,0.0183,0.0093,0
r20b10,r20b10,0.241,0.3252,0.0183,0.0093,0
r20g1,r20g1,0.258,0.3252,0.0096,0.0181,0
r6s3,r6s3,0.5691,0.3279,0.0109,0.0049,0
r6s1,r6s1,0.7033,0.3279,0.0109,0.0049,0
rd42,rd42,0.041,0.3301,0.0096,0.0204,0
c21,c21,0.7952,0.3327,0.0139,0.0173,-74
r20b6,r20b6,0.1577,0.3336,0.0187,0.0093,0
r20b5,r20b5,0.1743,0.3336,0.0192,0.0093,0
r20b9,r20b9,0.1076,0.3341,0.0183,0.0093,0
r20b8,r20b8,0.1246,0.3341,0.0183,0.0093,0
r20b7,r20b7,0.1407,0.3341,0.0183,0.0093,0
r20b4,r20b4,0.1917,0.3341,0.0179,0.0093,0
r20b3,r20b3,0.2078,0.3341,0.0183,0.0093,0
r20b2,r20b2,0.2244,0.3341,0.0183,0.0093,0
r20b1,r20b1,0.241,0.3341,0.0183,0.0093,0
r20s3,r20s3,0.1002,0.3416,0.0096,0.0044,0
r20s1,r20s1,0.2575,0.3416,0.0092,0.0044,0
c20,c20,0.7987,0.3456,0.0139,0.0173,-74
rd43,rd43,0.041,0.3487,0.0096,0.0204,0
p18,p18,0.7442,0.3496,0.017,0.0217,0
p17,p17,0.759,0.3496,0.017,0.0217,0
r5s4,r5s4,0.5691,0.3509,0.0109,0.0049,0
r5s2,r5s2,0.7033,0.3509,0.0109,0.0049,0
p136,p136,0.2985,0.354,0.017,0.0217,0
p94,p94,0.339,0.354,0.017,0.0217,0
p93,p93,0.3538,0.354,0.017,0.0217,0
p90,p90,0.3887,0.354,0.017,0.0217,0
p89,p89,0.4035,0.354,0.017,0.0217,0
p86,p86,0.4383,0.354,0.017,0.0217,0
p85,p85,0.4532,0.354,0.017,0.0217,0
r5g2,r5g2,0.5678,0.3544,0.0113,0.0177,0
r5b11,r5b11,0.5782,0.3544,0.0266,0.0093,0
r5b10,r5b10,0.6031,0.3544,0.027,0.0093,0
r5b9,r5b9,0.6292,0.3544,0.027,0.0093,0
r5b8,r5b8,0.654,0.3544,0.027,0.0093,0
r5b7,r5b7,0.6789,0.3544,0.0266,0.0093,0
r5g1,r5g1,0.7037,0.3544,0.0113,0.0177,0
c19,c19,0.8026,0.3575,0.0139,0.0173,-74
r21s4,r21s4,0.1002,0.3624,0.0096,0.0044,0
r21s2,r21s2,0.2575,0.3624,0.0092,0.0044,0
r5b6,r5b6,0.5778,0.3628,0.0227,0.0097,0
r5b5,r5b5,0.5983,0.3628,0.0227,0.0097,0
r5b4,r5b4,0.6196,0.3628,0.0227,0.0097,0
r5b3,r5b3,0.641,0.3628,0.0227,0.0097,0
r5b2,r5b2,0.6614,0.3628,0.0227,0.0097,0
r5b1,r5b1,0.6828,0.3628,0.0227,0.0097,0
p144,p144,0.0693,0.3637,0.0153,0.0217,0
r21b15,r21b15,0.1577,0.365,0.0187,0.0097,0
r21b14,r21b14,0.1743,0.365,0.0192,0.0097,0
r21g2,r21g2,0.0993,0.3655,0.0096,0.0181,0
r21b18,r21b18,0.1076,0.3655,0.0183,0.0093,0
r21b17,r21b17,0.1246,0.3655,0.0183,0.0093,0
r21b16,r21b16,0.1407,0.3655,0.0183,0.0093,0
r21b13,r21b13,0.1917,0.3655,0.0179,0.0093,0
r21b12,r21b12,0.2078,0.3655,0.0183,0.0093,0
r21b11,r21b11,0.2244,0.3655,0.0183,0.0093,0
r21b10,r21b10,0.241,0.3655,0.0183,0.0093,0
r21g1,r21g1,0.258,0.3655,0.0096,0.0181,0
rd44,rd44,0.041,0.3673,0.0096,0.0208,0
r5s3,r5s3,0.5691,0.3704,0.0109,0.0049,0
r5s1,r5s1,0.7033,0.3704,0.0109,0.0049,0
c18,c18,0.8065,0.3704,0.0135,0.0173,-74
p137,p137,0.2985,0.3735,0.017,0.0217,0
p96,p96,0.339,0.3735,0.017,0.0217,0
p95,p95,0.3538,0.3735,0.017,0.0217,0
p92,p92,0.3887,0.3735,0.017,0.0217,0
p91,p91,0.4035,0.3735,0.017,0.0217,0
p88,p88,0.4383,0.3735,0.017,0.0217,0
p87,p87,0.4532,0.3735,0.017,0.0217,0
r21b6,r21b6,0.1577,0.3739,0.0187,0.0093,0
r21b5,r21b5,0.1743,0.3739,0.0192,0.0093,0
r21b9,r21b9,0.1076,0.3743,0.0183,0.0093,0
r21b8,r21b8,0.1246,0.3743,0.0183,0.0093,0
r21b7,r21b7,0.1407,0.3743,0.0183,0.0093,0
r21b4,r21b4,0.1917,0.3743,0.0179,0.0093,0
r21b3,r21b3,0.2078,0.3743,0.0183,0.0093,0
r21b2,r21b2,0.2244,0.3743,0.0183,0.0093,0
r21b1,r21b1,0.241,0.3743,0.0183,0.0093,0
r21s3,r21s3,0.1002,0.3819,0.0096,0.0044,0
r21s1,r21s1,0.2575,0.3819,0.0092,0.0044,0
c17,c17,0.8105,0.3823,0.0135,0.0173,-74
f32,f32,0.7468,0.3841,0.0305,0.0124,0
rd45,rd45,0.041,0.3863,0.0096,0.0204,0
rd81,rd81,0.5377,0.3876,0.01,0.0274,0
r4s5,r4s5,0.5691,0.3938,0.0109,0.0049,0
r4s2,r4s2,0.7033,0.3938,0.0109,0.0049,0
f62,f62,0.746,0.3947,0.017,0.0088,0
f31,f31,0.7608,0.3947,0.017,0.0088,0
c16,c16,0.8139,0.3956,0.0139,0.0173,-74
r4b14,r4b14,0.5778,0.3969,0.0196,0.0097,0
r4b12,r4b12,0.5961,0.3969,0.0196,0.0097,0
r4b11,r4b11,0.6135,0.3969,0.0196,0.0097,0
r4b10,r4b10,0.6318,0.3969,0.0196,0.0097,0
r4b9,r4b9,0.6501,0.3969,0.0196,0.0097,0
r4b8,r4b8,0.6675,0.3969,0.0196,0.0097,0
r4b7,r4b7,0.6858,0.3969,0.0196,0.0097,0
r4g2,r4g2,0.5678,0.3973,0.0113,0.0177,0
r4g1,r4g1,0.7037,0.3973,0.0113,0.0177,0
r22s4,r22s4,0.0998,0.3987,0.0096,0.0044,0
r22s2,r22s2,0.2571,0.3987,0.0092,0.0044,0
p145,p145,0.0693,0.4004,0.0153,0.0217,0
f61,f61,0.746,0.4013,0.017,0.0088,0
f30,f30,0.7608,0.4013,0.017,0.0088,0
r22g2,r22g2,0.0989,0.4018,0.0096,0.0181,0
r22b16,r22b16,0.1072,0.4018,0.02,0.0093,0
r22b15,r22b15,0.1251,0.4018,0.0205,0.0093,0
r22b14,r22b14,0.1442,0.4018,0.0214,0.0093,0
r22b13,r22b13,0.1634,0.4018,0.0209,0.0093,0
r22b12,r22b12,0.1826,0.4018,0.0205,0.0093,0
r22b11,r22b11,0.2013,0.4018,0.0205,0.0093,0
r22b10,r22b10,0.2196,0.4018,0.0205,0.0093,0
r22b9,r22b9,0.2388,0.4018,0.02,0.0093,0
r22g1,r22g1,0.2575,0.4018,0.0096,0.0181,0
rd46,rd46,0.041,0.4049,0.0096,0.0204,0
r4b13,r4b13,0.5778,0.4062,0.0196,0.0097,0
r4b6,r4b6,0.5961,0.4062,0.0196,0.0097,0
r4b5,r4b5,0.6135,0.4062,0.0196,0.0097,0
r4b4,r4b4,0.6318,0.4062,0.0196,0.0097,0
r4b3,r4b3,0.6501,0.4062,0.0196,0.0097,0
r4b2,r4b2,0.6675,0.4062,0.0196,0.0097,0
r4b1,r4b1,0.6858,0.4062,0.0196,0.0097,0
p138,p138,0.2985,0.4066,0.017,0.0217,0
p106,p106,0.339,0.4066,0.017,0.0217,0
p105,p105,0.3538,0.4066,0.017,0.0217,0
p102,p102,0.3887,0.4066,0.017,0.0217,0
p101,p101,0.4035,0.4066,0.017,0.0217,0
p98,p98,0.4383,0.4066,0.017,0.0217,0
p97,p97,0.4532,0.4066,0.017,0.0217,0
f60,f60,0.746,0.4088,0.017,0.0088,0
f29,f29,0.7608,0.4088,0.017,0.0088,0
c15,c15,0.8174,0.4088,0.0139,0.0173,-74
r22b6,r22b6,0.1442,0.4102,0.0214,0.0097,0
r22b5,r22b5,0.1634,0.4102,0.0209,0.0097,0
r22b8,r22b8,0.1072,0.4106,0.02,0.0093,0
r22b7,r22b7,0.1251,0.4106,0.0205,0.0093,0
r22b4,r22b4,0.1826,0.4106,0.0205,0.0093,0
r22b3,r22b3,0.2013,0.4106,0.0205,0.0093,0
r22b2,r22b2,0.2196,0.4106,0.0205,0.0093,0
r22b1,r22b1,0.2388,0.4106,0.02,0.0093,0
r4s3,r4s3,0.5691,0.4133,0.0109,0.0049,0
r4s1,r4s1,0.7033,0.4133,0.0109,0.0049,0
rd80,rd80,0.5377,0.4137,0.01,0.027,0
f59,f59,0.746,0.4155,0.017,0.0088,0
f28,f28,0.7608,0.4155,0.017,0.0088,0
r22s3,r22s3,0.0998,0.4181,0.0096,0.0044,0
r22s1,r22s1,0.2571,0.4181,0.0092,0.0044,0
c14,c14,0.8214,0.4208,0.0139,0.0173,-74
f58,f58,0.746,0.423,0.017,0.0088,0
f27,f27,0.7608,0.423,0.017,0.0088,0
rd47,rd47,0.041,0.4235,0.0096,0.0204,0
p139,p139,0.2985,0.4261,0.017,0.0217,0
p108,p108,0.339,0.4261,0.017,0.0217,0
p107,p107,0.3538,0.4261,0.017,0.0217,0
p104,p104,0.3887,0.4261,0.017,0.0217,0
p103,p103,0.4035,0.4261,0.017,0.0217,0
p100,p100,0.4383,0.4261,0.017,0.0217,0
p99,p99,0.4532,0.4261,0.017,0.0217,0
f57,f57,0.746,0.4296,0.017,0.0088,0
f26,f26,0.7608,0.4296,0.017,0.0088,0
c13,c13,0.8253,0.4336,0.0135,0.0173,-74
r4s4,r4s4,0.5691,0.4367,0.0109,0.0049,0
r3s2,r3s2,0.7033,0.4367,0.0109,0.0049,0
f56,f56,0.746,0.4372,0.017,0.0088,0
f25,f25,0.7608,0.4372,0.017,0.0088,0
rd79,rd79,0.5381,0.4389,0.01,0.0274,0
r23s4,r23s4,0.1007,0.4394,0.0096,0.0044,0
r23s2,r23s2,0.258,0.4394,0.0092,0.0044,0
r3b12,r3b12,0.5778,0.4398,0.0227,0.0097,0
r3b11,r3b11,0.5983,0.4398,0.0227,0.0097,0
r3b10,r3b10,0.6196,0.4398,0.0227,0.0097,0
r3b9,r3b9,0.641,0.4398,0.0227,0.0097,0
r3b8,r3b8,0.6614,0.4398,0.0227,0.0097,0
r3b7,r3b7,0.6828,0.4398,0.0227,0.0097,0
r3g2,r3g2,0.5678,0.4403,0.0113,0.0177,0
r3g1,r3g1,0.7037,0.4403,0.0113,0.0177,0
p146,p146,0.0693,0.4412,0.0153,0.0217,0
rd48,rd48,0.041,0.4425,0.0096,0.0204,0
r23g2,r23g2,0.0998,0.4425,0.0096,0.0181,0
r23b19,r23b19,0.1081,0.4425,0.0183,0.0093,0
r23b18,r23b18,0.1246,0.4425,0.0183,0.0093,0
r23b17,r23b17,0.1407,0.4425,0.0183,0.0093,0
r23b16,r23b16,0.1577,0.4425,0.0192,0.0093,0
r23b15,r23b15,0.1747,0.4425,0.0187,0.0093,0
r23b14,r23b14,0.1917,0.4425,0.0183,0.0093,0
r23b13,r23b13,0.2083,0.4425,0.0183,0.0093,0
r23b12,r23b12,0.2248,0.4425,0.0183,0.0093,0
r23b11,r23b11,0.2414,0.4425,0.0183,0.0093,0
r23g1,r23g1,0.2584,0.4425,0.0096,0.0181,0
f55,f55,0.746,0.4438,0.017,0.0088,0
f24,f24,0.7608,0.4438,0.017,0.0088,0
c12,c12,0.8292,0.4456,0.0135,0.0173,-74
r3b6,r3b6,0.5778,0.4487,0.0227,0.0097,0
r3b5,r3b5,0.5983,0.4487,0.0227,0.0097,0
r3b4,r3b4,0.6196,0.4487,0.0227,0.0097,0
r3b3,r3b3,0.641,0.4487,0.0227,0.0097,0
r3b2,r3b2,0.6614,0.4487,0.0227,0.0097,0
r3b1,r3b1,0.6828,0.4487,0.0227,0.0097,0
r23b6,r23b6,0.1673,0.4509,0.0174,0.0097,0
r23b5,r23b5,0.1826,0.4509,0.0174,0.0097,0
r23b10,r23b10,0.1076,0.4513,0.017,0.0093,0
r23b9,r23b9,0.1224,0.4513,0.0166,0.0093,0
r23b8,r23b8,0.1373,0.4513,0.017,0.0093,0
r23b7,r23b7,0.1521,0.4513,0.0166,0.0093,0
r23b4,r23b4,0.1983,0.4513,0.0166,0.0093,0
r23b3,r23b3,0.2131,0.4513,0.017,0.0093,0
r23b2,r23b2,0.2279,0.4513,0.0166,0.0093,0
r23b1,r23b1,0.2431,0.4513,0.017,0.0093,0
f54,f54,0.746,0.4513,0.017,0.0088,0
f23,f23,0.7608,0.4513,0.017,0.0088,0
r3s3,r3s3,0.5691,0.4562,0.0109,0.0049,0
r3s1,r3s1,0.7033,0.4562,0.0109,0.0049,0
p140,p140,0.2985,0.4575,0.017,0.0217,0
p118,p118,0.339,0.4575,0.017,0.0217,0
p117,p117,0.3538,0.4575,0.017,0.0217,0
p114,p114,0.3887,0.4575,0.017,0.0217,0
p113,p113,0.4035,0.4575,0.017,0.0217,0
p110,p110,0.4383,0.4575,0.017,0.0217,0
p109,p109,0.4532,0.4575,0.017,0.0217,0
f53,f53,0.746,0.458,0.017,0.0088,0
f22,f22,0.7608,0.458,0.017,0.0088,0
r23s3,r23s3,0.1007,0.4588,0.0096,0.0044,0
r23s1,r23s1,0.258,0.4588,0.0092,0.0044,0
c11,c11,0.8327,0.4588,0.0139,0.0173,-74
rd49,rd49,0.041,0.4611,0.0096,0.0208,0
rd78,rd78,0.5381,0.4646,0.01,0.0279,0
f52,f52,0.746,0.4655,0.017,0.0088,0
f21,f21,0.7608,0.4655,0.017,0.0088,0
f51,f51,0.746,0.4721,0.017,0.0088,0
f20,f20,0.7608,0.4721,0.017,0.0088,0
c10,c10,0.8366,0.4726,0.0139,0.0173,-74
r2s4,r2s4,0.5691,0.4761,0.0109,0.0049,0
r2s2,r2s2,0.7033,0.4761,0.0109,0.0049,0
p141,p141,0.2985,0.477,0.017,0.0217,0
p120,p120,0.339,0.477,0.017,0.0217,0
p119,p119,0.3538,0.477,0.017,0.0217,0
p116,p116,0.3887,0.477,0.017,0.0217,0
p115,p115,0.4035,0.477,0.017,0.0217,0
p112,p112,0.4383,0.477,0.017,0.0217,0
p111,p111,0.4532,0.477,0.017,0.0217,0
rd50,rd50,0.041,0.4796,0.0096,0.0204,0
r2g2,r2g2,0.5678,0.4796,0.0113,0.0177,0
r2g1,r2g1,0.7037,0.4796,0.0113,0.0177,0
f50,f50,0.746,0.4796,0.017,0.0088,0
f19,f19,0.7608,0.4796,0.017,0.0088,0
r2b11,r2b11,0.5782,0.4801,0.0192,0.0093,0
r2b10,r2b10,0.5961,0.4801,0.0196,0.0093,0
r2b9,r2b9,0.6135,0.4801,0.0196,0.0093,0
r2b8,r2b8,0.6318,0.4801,0.0196,0.0093,0
r2b7,r2b7,0.6501,0.4801,0.0196,0.0093,0
r2b6,r2b6,0.6675,0.4801,0.0196,0.0093,0
r2b5,r2b5,0.6858,0.4801,0.0192,0.0093,0
cs5,cs5,0.2392,0.4836,0.0327,0.0292,0
c9,c9,0.8405,0.4845,0.0139,0.0173,-74
f49,f49,0.746,0.4863,0.017,0.0088,0
f18,f18,0.7608,0.4863,0.017,0.0088,0
r2b4,r2b4,0.5782,0.4876,0.0553,0.0093,0
r2b3,r2b3,0.6318,0.4876,0.0196,0.0093,0
r2b2,r2b2,0.6501,0.4876,0.0366,0.0093,0
r2b1,r2b1,0.6858,0.4876,0.0192,0.0093,0
p147,p147,0.0863,0.4889,0.0153,0.0217,0
p148,p148,0.1098,0.4889,0.0153,0.0217,0
p149,p149,0.1233,0.4889,0.0153,0.0217,0
p150,p150,0.1364,0.4889,0.0153,0.0217,0
p151,p151,0.1743,0.4889,0.0153,0.0217,0
p152,p152,0.1869,0.4889,0.0153,0.0217,0
p153,p153,0.2004,0.4889,0.0153,0.0217,0
rd77,rd77,0.5381,0.4907,0.01,0.0279,0
f48,f48,0.746,0.4938,0.017,0.0088,0
f17,f17,0.7608,0.4938,0.017,0.0088,0
r2s3,r2s3,0.5691,0.4956,0.0109,0.0049,0
r2s1,r2s1,0.7033,0.4956,0.0109,0.0049,0
c8,c8,0.8444,0.4973,0.0135,0.0173,-74
rd51,rd51,0.041,0.4987,0.0096,0.0204,0
f47,f47,0.746,0.5004,0.017,0.0088,0
f16,f16,0.7608,0.5004,0.017,0.0088,0
f46,f46,0.746,0.508,0.017,0.0088,0
f15,f15,0.7608,0.508,0.017,0.0088,0
c7,c7,0.8484,0.5093,0.0135,0.0173,-74
r24s4,r24s4,0.2802,0.5119,0.0131,0.0044,0
r24s2,r24s2,0.4344,0.5119,0.0131,0.0044,0
f45,f45,0.746,0.5146,0.017,0.0088,0
f14,f14,0.7608,0.5146,0.017,0.0088,0
r24g2,r24g2,0.2793,0.515,0.0126,0.0181,0
r24b14,r24b14,0.2902,0.515,0.0227,0.0097,0
r24b13,r24b13,0.3115,0.515,0.0222,0.0097,0
r24b12,r24b12,0.3316,0.515,0.0227,0.0097,0
r24b11,r24b11,0.3529,0.515,0.0222,0.0097,0
r24b10,r24b10,0.3739,0.515,0.0222,0.0097,0
r24b9,r24b9,0.3939,0.515,0.0222,0.0097,0
r24b8,r24b8,0.4153,0.515,0.0222,0.0097,0
r24g1,r24g1,0.4353,0.515,0.0126,0.0181,0
rd76,rd76,0.5381,0.5164,0.01,0.0279,0
rd52,rd52,0.041,0.5168,0.0096,0.0208,0
r1s4,r1s4,0.5691,0.5208,0.0109,0.0049,0
r1s2,r1s2,0.7033,0.5208,0.0109,0.0049,0
f44,f44,0.746,0.5221,0.017,0.0088,0
f13,f13,0.7608,0.5221,0.017,0.0088,0
c6,c6,0.8519,0.5226,0.0139,0.0173,-74
r24b7,r24b7,0.2902,0.5239,0.0227,0.0097,0
r24b6,r24b6,0.3115,0.5239,0.0222,0.0097,0
r24b5,r24b5,0.3316,0.5239,0.0227,0.0097,0
r24b4,r24b4,0.3529,0.5239,0.0222,0.0097,0
r24b3,r24b3,0.3739,0.5239,0.0222,0.0097,0
r24b2,r24b2,0.3939,0.5239,0.0222,0.0097,0
r24b1,r24b1,0.4153,0.5239,0.0222,0.0097,0
r1b12,r1b12,0.5778,0.5239,0.0227,0.0097,0
r1b11,r1b11,0.5983,0.5239,0.0227,0.0097,0
r1b10,r1b10,0.6196,0.5239,0.0227,0.0097,0
r1b9,r1b9,0.641,0.5239,0.0227,0.0097,0
r1b8,r1b8,0.6614,0.5239,0.0227,0.0097,0
r1b7,r1b7,0.6828,0.5239,0.0227,0.0097,0
r1g2,r1g2,0.5678,0.5243,0.0113,0.0177,0
r1g1,r1g1,0.7037,0.5243,0.0113,0.0177,0
f43,f43,0.746,0.5288,0.017,0.0088,0
f12,f12,0.7608,0.5288,0.017,0.0088,0
r24s3,r24s3,0.2802,0.5314,0.0131,0.0044,0
r24s1,r24s1,0.4344,0.5314,0.0131,0.0044,0
cs4,cs4,0.2484,0.5323,0.0253,0.0235,0
r1b6,r1b6,0.5778,0.5327,0.0227,0.0097,0
r1b5,r1b5,0.5983,0.5327,0.0227,0.0097,0
r1b4,r1b4,0.6196,0.5327,0.0227,0.0097,0
r1b3,r1b3,0.641,0.5327,0.0227,0.0097,0
r1b2,r1b2,0.6614,0.5327,0.0227,0.0097,0
r1b1,r1b1,0.6828,0.5327,0.0227,0.0097,0
rd53,rd53,0.0414,0.5358,0.0279,0.0097,0
rd54,rd54,0.0671,0.5358,0.0279,0.0097,0
rd55,rd55,0.0937,0.5358,0.0279,0.0097,0
rd56,rd56,0.1194,0.5358,0.0279,0.0097,0
rd57,rd57,0.146,0.5358,0.0279,0.0097,0
rd58,rd58,0.173,0.5358,0.0096,0.019,0
f42,f42,0.746,0.5363,0.017,0.0088,0
f11,f11,0.7608,0.5363,0.017,0.0088,0
r1s3,r1s3,0.5691,0.5403,0.0109,0.0049,0
r1s1,r1s1,0.7033,0.5403,0.0109,0.0049,0
rd75,rd75,0.5381,0.5429,0.01,0.0274,0
f41,f41,0.746,0.5429,0.017,0.0088,0
f10,f10,0.7608,0.5429,0.017,0.0088,0
c5,c5,0.8488,0.5429,0.0174,0.0195,-117
f40,f40,0.746,0.5504,0.017,0.0088,0
f9,f9,0.7608,0.5504,0.017,0.0088,0
rd59,rd59,0.173,0.5527,0.0096,0.019,0
r25s4,r25s4,0.2802,0.554,0.0131,0.0044,0
r25s2,r25s2,0.4222,0.554,0.0118,0.0044,0
c4,c4,0.8427,0.5558,0.0174,0.0195,-117
r25b6,r25b6,0.2906,0.5566,0.0458,0.0097,0
r25b5,r25b5,0.3338,0.5566,0.0458,0.0097,0
r25b4,r25b4,0.3791,0.5566,0.0453,0.0097,0
r25g2,r25g2,0.2793,0.5571,0.0126,0.0181,0
r25g1,r25g1,0.4227,0.5571,0.0122,0.0181,0
f39,f39,0.746,0.5571,0.017,0.0088,0
f8,f8,0.7608,0.5571,0.017,0.0088,0
p122,p122,0.4571,0.5628,0.017,0.0217,0
p121,p121,0.4719,0.5628,0.017,0.0217,0
m2,m2,0.5686,0.5637,0.0379,0.0119,0
m4,m4,0.6048,0.5637,0.0379,0.0119,0
m6,m6,0.641,0.5637,0.0379,0.0119,0
m8,m8,0.6767,0.5637,0.0379,0.0119,0
f38,f38,0.746,0.5646,0.017,0.0088,0
f7,f7,0.7608,0.5646,0.017,0.0088,0
r25b3,r25b3,0.2906,0.5659,0.0458,0.0097,0
r25b2,r25b2,0.3338,0.5659,0.0458,0.0097,0
r25b1,r25b1,0.3791,0.5659,0.0453,0.0097,0
c3,c3,0.8357,0.569,0.0174,0.0199,-117
rd60,rd60,0.173,0.5695,0.0096,0.019,0
f37,f37,0.746,0.5712,0.017,0.0088,0
f6,f6,0.7608,0.5712,0.017,0.0088,0
r25s3,r25s3,0.2802,0.5735,0.0131,0.0044,0
r25s1,r25s1,0.4222,0.5735,0.0118,0.0044,0
m3,m3,0.5686,0.5735,0.0379,0.0119,0
m5,m5,0.6048,0.5735,0.0379,0.0119,0
m7,m7,0.641,0.5735,0.0379,0.0119,0
m9,m9,0.6767,0.5735,0.0379,0.0119,0
f36,f36,0.746,0.5788,0.017,0.0088,0
f5,f5,0.7608,0.5788,0.017,0.0088,0
c2,c2,0.8296,0.5819,0.017,0.0199,-117
f35,f35,0.746,0.5854,0.017,0.0088,0
f4,f4,0.7608,0.5854,0.017,0.0088,0
rd61,rd61,0.173,0.5863,0.0096,0.019,0
f34,f34,0.746,0.5929,0.017,0.0088,0
f3,f3,0.7608,0.5929,0.017,0.0088,0
c1,c1,0.8222,0.5956,0.0174,0.0199,-117
r28g2,r28g2,0.5786,0.5991,0.0179,0.0115,0
f33,f33,0.746,0.5996,0.017,0.0088,0
f2,f2,0.7608,0.5996,0.017,0.0088,0
r28s3,r28s3,0.5756,0.6,0.0048,0.0119,0
r28s4,r28s4,0.5952,0.6,0.0048,0.0119,0
cs2,cs2,0.532,0.6027,0.0344,0.027,0
cs3,cs3,0.6427,0.6027,0.0344,0.027,0
rd67,rd67,0.3059,0.6031,0.027,0.0097,0
rd68,rd68,0.3312,0.6031,0.027,0.0097,0
rd69,rd69,0.3569,0.6031,0.027,0.0097,0
rd70,rd70,0.3821,0.6031,0.027,0.0097,0
rd71,rd71,0.4078,0.6031,0.027,0.0097,0
rd62,rd62,0.1804,0.6035,0.027,0.0097,0
rd63,rd63,0.2052,0.6035,0.027,0.0097,0
rd64,rd64,0.2305,0.6035,0.0266,0.0097,0
rd65,rd65,0.2553,0.6035,0.0266,0.0097,0
rd66,rd66,0.2806,0.6035,0.027,0.0097,0
f1,f1,0.7464,0.6071,0.0314,0.0119,0
r28b28,r28b28,0.5874,0.6088,0.0096,0.0199,0
r28b14,r28b14,0.5782,0.6093,0.0096,0.0199,0
rd23,rd23,0.8109,0.6257,0.01,0.015,0
r28b13,r28b13,0.5782,0.6274,0.0096,0.0199,0
r28b27,r28b27,0.5874,0.6274,0.0096,0.0199,0
r27b13,r27b13,0.5399,0.6283,0.0096,0.0199,0
r27b26,r27b26,0.549,0.6283,0.0096,0.0199,0
rd22,rd22,0.8109,0.6381,0.01,0.015,0
r28b12,r28b12,0.5782,0.646,0.0096,0.0199,0
r28b26,r28b26,0.5874,0.646,0.0096,0.0199,0
r27b12,r27b12,0.5399,0.6465,0.0096,0.0199,0
r27b25,r27b25,0.549,0.6465,0.0096,0.0199,0
rd20,rd20,0.8109,0.6509,0.01,0.0146,0
rd21,rd21,0.8109,0.6633,0.01,0.015,0
r28b11,r28b11,0.5782,0.6646,0.0096,0.0199,0
r28b25,r28b25,0.5874,0.6646,0.0096,0.0199,0
r27b11,r27b11,0.5399,0.665,0.0096,0.0204,0
r27b24,r27b24,0.549,0.665,0.0096,0.0204,0
r28b10,r28b10,0.5782,0.6823,0.0096,0.0204,0
r28b24,r28b24,0.5874,0.6823,0.0096,0.0204,0
r27b10,r27b10,0.5399,0.6827,0.0096,0.0204,0
r27b23,r27b23,0.549,0.6827,0.0096,0.0204,0
r28b9,r28b9,0.5782,0.7009,0.0096,0.0204,0
r28b23,r28b23,0.5874,0.7009,0.0096,0.0204,0
r27b9,r27b9,0.5399,0.7018,0.0096,0.0199,0
r27b22,r27b22,0.549,0.7018,0.0096,0.0199,0
rd19,rd19,0.8109,0.7022,0.01,0.0155,0
r26g2,r26g2,0.5041,0.7062,0.0174,0.0119,0
r26s3,r26s3,0.5011,0.7075,0.0048,0.0115,0
r26s4,r26s4,0.5207,0.7075,0.0044,0.0115,0
rd18,rd18,0.8109,0.715,0.01,0.0159,0
r26b8,r26b8,0.5033,0.7164,0.0096,0.0204,0
r26b16,r26b16,0.5124,0.7164,0.0092,0.0204,0
rd72,rd72,0.4179,0.7177,0.0109,0.0265,0
m1,m1,0.4501,0.7186,0.0105,0.0735,0
r28b8,r28b8,0.5782,0.7195,0.0096,0.0199,0
r28b22,r28b22,0.5874,0.7195,0.0096,0.0199,0
r27b8,r27b8,0.5399,0.7199,0.0096,0.0199,0
r27b21,r27b21,0.549,0.7199,0.0096,0.0199,0
rd17,rd17,0.8109,0.7288,0.01,0.0155,0
r26b7,r26b7,0.5033,0.7354,0.0096,0.0204,0
r26b15,r26b15,0.5124,0.7354,0.0092,0.0204,0
r28b7,r28b7,0.5782,0.7376,0.0096,0.0199,0
r28b21,r28b21,0.5874,0.7376,0.0096,0.0199,0
r27b7,r27b7,0.5399,0.7385,0.0096,0.0199,0
r27b20,r27b20,0.549,0.7385,0.0096,0.0199,0
rd73,rd73,0.4179,0.742,0.0109,0.0265,0
rd16,rd16,0.8187,0.742,0.0144,0.0106,0
r26b6,r26b6,0.5033,0.7544,0.0096,0.0204,0
r26b14,r26b14,0.5124,0.7544,0.0092,0.0204,0
p16,p16,0.7773,0.7558,0.0148,0.0186,0
f63,f63,0.8131,0.7562,0.0196,0.0146,0
r28b6,r28b6,0.5782,0.7566,0.0096,0.0199,0
r28b20,r28b20,0.5874,0.7566,0.0096,0.0199,0
r27b6,r27b6,0.5399,0.7571,0.0096,0.0199,0
r27b19,r27b19,0.549,0.7571,0.0096,0.0199,0
rd74,rd74,0.4179,0.7655,0.0109,0.0265,0
p15,p15,0.7773,0.7708,0.0148,0.0186,0
r26b5,r26b5,0.5033,0.7726,0.0096,0.0208,0
r26b13,r26b13,0.5124,0.7726,0.0092,0.0208,0
r28b5,r28b5,0.5782,0.7739,0.0096,0.0204,0
r28b19,r28b19,0.5874,0.7739,0.0096,0.0204,0
r27b5,r27b5,0.5399,0.7748,0.0096,0.0204,0
r27b18,r27b18,0.549,0.7748,0.0096,0.0204,0
p9,p9,0.8122,0.781,0.0218,0.015,0
p14,p14,0.7773,0.7872,0.0148,0.0186,0
cs1,cs1,0.4192,0.7903,0.0266,0.0208,0
r26b4,r26b4,0.5033,0.7916,0.0096,0.0208,0
r26b12,r26b12,0.5124,0.7916,0.0092,0.0208,0
r28b4,r28b4,0.5782,0.7929,0.0096,0.0199,0
r28b18,r28b18,0.5874,0.7929,0.0096,0.0199,0
r27b4,r27b4,0.5399,0.7934,0.0096,0.0199,0
r27b17,r27b17,0.549,0.7934,0.0096,0.0199,0
p8,p8,0.8122,0.804,0.0218,0.015,0
f72,f72,0.4192,0.8093,0.0126,0.0208,0
r26b3,r26b3,0.5033,0.8111,0.0096,0.0204,0
r26b11,r26b11,0.5124,0.8111,0.0092,0.0204,0
r28b3,r28b3,0.5782,0.8115,0.0096,0.0199,0
r28b17,r28b17,0.5874,0.8115,0.0096,0.0199,0
r27b3,r27b3,0.5399,0.8119,0.0096,0.0204,0
r27b16,r27b16,0.549,0.8119,0.0096,0.0204,0
f64,f64,0.4449,0.8124,0.0131,0.0159,0
f65,f65,0.4553,0.8124,0.0131,0.0159,0
p13,p13,0.7773,0.8186,0.0148,0.0186,0
f66,f66,0.4449,0.8274,0.0131,0.0159,0
f67,f67,0.4553,0.8274,0.0131,0.0159,0
f73,f73,0.4192,0.8292,0.0126,0.0212,0
r26b2,r26b2,0.5033,0.8292,0.0096,0.0204,0
r26b10,r26b10,0.5124,0.8292,0.0092,0.0204,0
r28b2,r28b2,0.5782,0.8292,0.0096,0.0199,0
r28b16,r28b16,0.5874,0.8292,0.0096,0.0199,0
r27b2,r27b2,0.5399,0.8301,0.0096,0.0199,0
r27b15,r27b15,0.549,0.8301,0.0096,0.0199,0
p12,p12,0.7773,0.835,0.0148,0.0186,0
p7,p7,0.8122,0.8403,0.0218,0.015,0
f68,f68,0.4449,0.842,0.0131,0.0159,0
f69,f69,0.4553,0.842,0.0131,0.0159,0
r28b1.,r28b1.,0.5782,0.8478,0.0096,0.0204,0
r28b15,r28b15,0.5874,0.8478,0.0096,0.0204,0
r26b1,r26b1,0.5033,0.8482,0.0096,0.0204,0
r26b9,r26b9,0.5124,0.8482,0.0092,0.0204,0
f74,f74,0.4192,0.8487,0.0126,0.0212,0
r27b1,r27b1,0.5399,0.8487,0.0096,0.0199,0
r27b14,r27b14,0.549,0.8487,0.0096,0.0199,0
f70,f70,0.4449,0.8571,0.0131,0.0159,0
f71,f71,0.4553,0.8571,0.0131,0.0159,0
r28s1,r28s1,0.576,0.865,0.0048,0.0124,0
r28s2,r28s2,0.5956,0.865,0.0048,0.0124,0
r26s1,r26s1,0.5011,0.8659,0.0044,0.0119,0
r26s2,r26s2,0.5203,0.8659,0.0048,0.0119,0
r27s1,r27s1,0.5377,0.8659,0.0044,0.0124,0
r27s2,r27s2,0.5573,0.8659,0.0044,0.0124,0
r28g1,r28g1,0.5791,0.8659,0.0179,0.0124,0
r27g1,r27g1,0.5407,0.8664,0.0174,0.0124,0
r26g1,r26g1,0.5041,0.8668,0.0174,0.0119,0
p11,p11,0.7773,0.8668,0.0148,0.0186,0
f75,f75,0.4192,0.869,0.0126,0.0208,0
p6,p6,0.8122,0.877,0.0218,0.015,0
cs7,cs7,0.4427,0.8805,0.0174,0.0115,0
cs8,cs8,0.4588,0.8805,0.0078,0.0274,0
p10,p10,0.7773,0.8836,0.0148,0.0186,0
f76,f76,0.4187,0.8876,0.0139,0.0142,0
f77,f77,0.4314,0.8876,0.0139,0.0142,0
cs9,cs9,0.444,0.8996,0.0161,0.0088,0
m10,m10,0.6366,0.9013,0.0192,0.0314,0
m11,m11,0.6366,0.931,0.0192,0.0319,0
rd15,rd15,0.976,0.9319,0.0144,0.0208,0
p5,p5,0.7364,0.9482,0.0253,0.0168,0
p4,p4,0.7595,0.9482,0.0248,0.0168,0
p3,p3,0.7821,0.9482,0.0248,0.0168,0
p2,p2,0.8052,0.9482,0.0248,0.0168,0
p1,p1,0.8283,0.9482,0.0253,0.0168,0
rd14,rd14,0.9804,0.9487,0.0144,0.0208,0
m12,m12,0.6362,0.9611,0.0192,0.0319,0
f79,f79,0.6244,0.9628,0.0131,0.0221,0
rd13,rd13,0.9847,0.965,0.0144,0.0208,0
rd2,rd2,0.7224,0.9748,0.0113,0.0093,0
rd12,rd12,0.8998,0.9752,0.0118,0.0088,0
rd1,rd1,0.7155,0.9819,0.0092,0.0102,0
rd3,rd3,0.7329,0.9823,0.0174,0.0097,0
rd4,rd4,0.7486,0.9823,0.0174,0.0097,0
rd5,rd5,0.7643,0.9823,0.0174,0.0097,0
rd6,rd6,0.78,0.9823,0.0174,0.0097,0
rd7,rd7,0.7952,0.9823,0.0174,0.0097,0
rd8,rd8,0.8209,0.9823,0.0214,0.0097,0
rd9,rd9,0.841,0.9823,0.0214,0.0097,0
rd10,rd10,0.8606,0.9823,0.0218,0.0097,0
rd11,rd11,0.8802,0.9823,0.0214,0.0097,0
